-- phpMyAdmin SQL Dump
-- version 4.8.5
-- https://www.phpmyadmin.net/
--
-- Host: 127.0.0.1
-- Generation Time: Jun 24, 2020 at 06:26 AM
-- Server version: 10.1.38-MariaDB
-- PHP Version: 7.3.2

SET SQL_MODE = "NO_AUTO_VALUE_ON_ZERO";
SET AUTOCOMMIT = 0;
START TRANSACTION;
SET time_zone = "+00:00";


/*!40101 SET @OLD_CHARACTER_SET_CLIENT=@@CHARACTER_SET_CLIENT */;
/*!40101 SET @OLD_CHARACTER_SET_RESULTS=@@CHARACTER_SET_RESULTS */;
/*!40101 SET @OLD_COLLATION_CONNECTION=@@COLLATION_CONNECTION */;
/*!40101 SET NAMES utf8mb4 */;

--
-- Database: `shop_cake`
--

-- --------------------------------------------------------

--
-- Table structure for table `bills`
--

CREATE TABLE `bills` (
  `id` int(10) UNSIGNED NOT NULL,
  `id_customer` int(11) DEFAULT NULL,
  `date_order` date DEFAULT NULL,
  `total` float DEFAULT NULL COMMENT 'tổng tiền',
  `payment` varchar(200) CHARACTER SET utf8 COLLATE utf8_unicode_ci DEFAULT NULL COMMENT 'hình thức thanh toán',
  `note` varchar(500) CHARACTER SET utf8 COLLATE utf8_unicode_ci DEFAULT NULL,
  `created_at` timestamp NULL DEFAULT CURRENT_TIMESTAMP ON UPDATE CURRENT_TIMESTAMP,
  `updated_at` timestamp NULL DEFAULT CURRENT_TIMESTAMP
) ENGINE=MyISAM DEFAULT CHARSET=latin1;

--
-- Dumping data for table `bills`
--

INSERT INTO `bills` (`id`, `id_customer`, `date_order`, `total`, `payment`, `note`, `created_at`, `updated_at`) VALUES
(14, 14, '2017-03-23', 160000, 'COD', 'k', '2017-03-23 04:46:05', '2017-03-23 04:46:05'),
(13, 13, '2017-03-21', 400000, 'ATM', 'Vui lòng giao hàng trước 5h', '2017-03-21 07:29:31', '2017-03-21 07:29:31'),
(12, 12, '2017-03-21', 520000, 'COD', 'Vui lòng chuyển đúng hạn', '2017-03-21 07:20:07', '2017-03-21 07:20:07'),
(11, 11, '2017-03-21', 420000, 'COD', 'không chú', '2017-03-21 07:16:09', '2017-03-21 07:16:09'),
(15, 15, '2017-03-24', 220000, 'COD', 'e', '2017-03-24 07:14:32', '2017-03-24 07:14:32');

-- --------------------------------------------------------

--
-- Table structure for table `bill_detail`
--

CREATE TABLE `bill_detail` (
  `id` int(10) UNSIGNED NOT NULL,
  `id_bill` int(10) NOT NULL,
  `id_product` int(10) NOT NULL,
  `quantity` int(11) NOT NULL COMMENT 'số lượng',
  `unit_price` double NOT NULL,
  `created_at` timestamp NOT NULL DEFAULT CURRENT_TIMESTAMP ON UPDATE CURRENT_TIMESTAMP,
  `updated_at` timestamp NOT NULL DEFAULT '0000-00-00 00:00:00'
) ENGINE=MyISAM DEFAULT CHARSET=latin1;

--
-- Dumping data for table `bill_detail`
--

INSERT INTO `bill_detail` (`id`, `id_bill`, `id_product`, `quantity`, `unit_price`, `created_at`, `updated_at`) VALUES
(18, 15, 62, 5, 220000, '2017-03-24 07:14:32', '2017-03-24 07:14:32'),
(17, 14, 2, 1, 160000, '2017-03-23 04:46:05', '2017-03-23 04:46:05'),
(16, 13, 60, 1, 200000, '2017-03-21 07:29:31', '2017-03-21 07:29:31'),
(15, 13, 59, 1, 200000, '2017-03-21 07:29:31', '2017-03-21 07:29:31'),
(14, 12, 60, 2, 200000, '2017-03-21 07:20:07', '2017-03-21 07:20:07'),
(13, 12, 61, 1, 120000, '2017-03-21 07:20:07', '2017-03-21 07:20:07'),
(12, 11, 61, 1, 120000, '2017-03-21 07:16:09', '2017-03-21 07:16:09'),
(11, 11, 57, 2, 150000, '2017-03-21 07:16:09', '2017-03-21 07:16:09');

-- --------------------------------------------------------

--
-- Table structure for table `customer`
--

CREATE TABLE `customer` (
  `id` int(10) UNSIGNED NOT NULL,
  `name` varchar(100) COLLATE utf8_unicode_ci NOT NULL,
  `gender` varchar(10) COLLATE utf8_unicode_ci NOT NULL,
  `email` varchar(50) COLLATE utf8_unicode_ci NOT NULL,
  `address` varchar(100) COLLATE utf8_unicode_ci NOT NULL,
  `phone_number` varchar(20) COLLATE utf8_unicode_ci NOT NULL,
  `note` varchar(200) COLLATE utf8_unicode_ci NOT NULL,
  `created_at` timestamp NOT NULL DEFAULT CURRENT_TIMESTAMP ON UPDATE CURRENT_TIMESTAMP,
  `updated_at` timestamp NOT NULL DEFAULT CURRENT_TIMESTAMP
) ENGINE=MyISAM DEFAULT CHARSET=utf8 COLLATE=utf8_unicode_ci;

--
-- Dumping data for table `customer`
--

INSERT INTO `customer` (`id`, `name`, `gender`, `email`, `address`, `phone_number`, `note`, `created_at`, `updated_at`) VALUES
(15, 'ê', 'Nữ', 'huongnguyen@gmail.com', 'e', 'e', 'e', '2017-03-24 07:14:32', '2017-03-24 07:14:32'),
(14, 'hhh', 'nam', 'huongnguyen@gmail.com', 'Lê thị riêng', '99999999999999999', 'k', '2017-03-23 04:46:05', '2017-03-23 04:46:05'),
(13, 'Hương Hương', 'Nữ', 'huongnguyenak96@gmail.com', 'Lê Thị Riêng, Quận 1', '23456789', 'Vui lòng giao hàng trước 5h', '2017-03-21 07:29:31', '2017-03-21 07:29:31'),
(12, 'Khoa phạm', 'Nam', 'khoapham@gmail.com', 'Lê thị riêng', '1234567890', 'Vui lòng chuyển đúng hạn', '2017-03-21 07:20:07', '2017-03-21 07:20:07'),
(11, 'Hương Hương', 'Nữ', 'huongnguyenak96@gmail.com', 'Lê Thị Riêng, Quận 1', '234567890-', 'không chú', '2017-03-21 07:16:09', '2017-03-21 07:16:09');

-- --------------------------------------------------------

--
-- Table structure for table `migrations`
--

CREATE TABLE `migrations` (
  `id` int(10) UNSIGNED NOT NULL,
  `migration` varchar(255) COLLATE utf8mb4_unicode_ci NOT NULL,
  `batch` int(11) NOT NULL
) ENGINE=InnoDB DEFAULT CHARSET=utf8mb4 COLLATE=utf8mb4_unicode_ci;

-- --------------------------------------------------------

--
-- Table structure for table `news`
--

CREATE TABLE `news` (
  `id` int(10) NOT NULL,
  `title` varchar(200) CHARACTER SET utf8 COLLATE utf8_unicode_ci NOT NULL COMMENT 'tiêu đề',
  `content` text CHARACTER SET utf8 COLLATE utf8_unicode_ci NOT NULL COMMENT 'nội dung',
  `image` varchar(100) CHARACTER SET utf8 COLLATE utf8_unicode_ci NOT NULL COMMENT 'hình',
  `create_at` timestamp NOT NULL DEFAULT CURRENT_TIMESTAMP ON UPDATE CURRENT_TIMESTAMP,
  `update_at` timestamp NOT NULL DEFAULT '0000-00-00 00:00:00'
) ENGINE=MyISAM DEFAULT CHARSET=utf8;

--
-- Dumping data for table `news`
--

INSERT INTO `news` (`id`, `title`, `content`, `image`, `create_at`, `update_at`) VALUES
(1, 'Mùa trung thu năm nay, Hỷ Lâm Môn muốn gửi đến quý khách hàng sản phẩm mới xuất hiện lần đầu tiên tại Việt nam \"Bánh trung thu Bơ Sữa HongKong\".', 'Những ý tưởng dưới đây sẽ giúp bạn sắp xếp tủ quần áo trong phòng ngủ chật hẹp của mình một cách dễ dàng và hiệu quả nhất. ', 'sample1.jpg', '2017-03-11 06:20:23', '0000-00-00 00:00:00'),
(2, 'Tư vấn cải tạo phòng ngủ nhỏ sao cho thoải mái và thoáng mát', 'Chúng tôi sẽ tư vấn cải tạo và bố trí nội thất để giúp phòng ngủ của chàng trai độc thân thật thoải mái, thoáng mát và sáng sủa nhất. ', 'sample2.jpg', '2016-10-20 02:07:14', '0000-00-00 00:00:00'),
(3, 'Đồ gỗ nội thất và nhu cầu, xu hướng sử dụng của người dùng', 'Đồ gỗ nội thất ngày càng được sử dụng phổ biến nhờ vào hiệu quả mà nó mang lại cho không gian kiến trúc. Xu thế của các gia đình hiện nay là muốn đem thiên nhiên vào nhà ', 'sample3.jpg', '2016-10-20 02:07:14', '0000-00-00 00:00:00'),
(4, 'Hướng dẫn sử dụng bảo quản đồ gỗ, nội thất.', 'Ngày nay, xu hướng chọn vật dụng làm bằng gỗ để trang trí, sử dụng trong văn phòng, gia đình được nhiều người ưa chuộng và quan tâm. Trên thị trường có nhiều sản phẩm mẫu ', 'sample4.jpg', '2016-10-20 02:07:14', '0000-00-00 00:00:00'),
(5, 'Phong cách mới trong sử dụng đồ gỗ nội thất gia đình', 'Đồ gỗ nội thất gia đình ngày càng được sử dụng phổ biến nhờ vào hiệu quả mà nó mang lại cho không gian kiến trúc. Phong cách sử dụng đồ gỗ hiện nay của các gia đình hầu h ', 'sample5.jpg', '2016-10-20 02:07:14', '0000-00-00 00:00:00');

-- --------------------------------------------------------

--
-- Table structure for table `products`
--

CREATE TABLE `products` (
  `pro_id` int(10) UNSIGNED NOT NULL,
  `name` varchar(100) COLLATE utf8_unicode_ci DEFAULT NULL,
  `id_type` int(10) UNSIGNED DEFAULT NULL,
  `description` text COLLATE utf8_unicode_ci,
  `unit_price` float DEFAULT NULL,
  `promotion_price` float DEFAULT NULL,
  `image` varchar(255) COLLATE utf8_unicode_ci DEFAULT NULL,
  `new` tinyint(4) DEFAULT '0',
  `created_at` timestamp NULL DEFAULT NULL,
  `updated_at` timestamp NULL DEFAULT NULL
) ENGINE=InnoDB DEFAULT CHARSET=utf8 COLLATE=utf8_unicode_ci;

--
-- Dumping data for table `products`
--

INSERT INTO `products` (`pro_id`, `name`, `id_type`, `description`, `unit_price`, `promotion_price`, `image`, `new`, `created_at`, `updated_at`) VALUES
(1, 'Bánh Crepe Sầu riêng', 2, 'Bánh crepe sầu riêng nhà làm', 150000, 120000, 'logo-1592758776.jpg', 1, '2016-10-26 03:00:16', '2020-06-21 09:59:36'),
(18, 'Banh trung', 5, 'Banh an rat tuyet', 5000, 0, 'lab5-1591941964.jpg', 1, '2020-06-11 23:06:04', '2020-06-11 23:06:04'),
(19, 'Bánh mặn 2', 1, 'Banh an rat tuyet', 55, 22, 'Tổng-hợp-các-hình-ảnh-mèo-con-cute-dễ-thương-4-1592325401.jpg', 0, '2020-06-16 09:36:41', '2020-06-16 09:36:41'),
(20, 'Banh Cursh', 1, 'Banh an rat tuyet haha', 5000, 2500, 'Tổng-hợp-các-hình-ảnh-mèo-con-cute-dễ-thương-4-1592365509.jpg', 0, '2020-06-16 20:45:09', '2020-06-16 20:45:09');

-- --------------------------------------------------------

--
-- Table structure for table `slide`
--

CREATE TABLE `slide` (
  `id` int(11) NOT NULL,
  `image` varchar(100) NOT NULL,
  `created_at` timestamp NOT NULL DEFAULT CURRENT_TIMESTAMP ON UPDATE CURRENT_TIMESTAMP,
  `updated_at` timestamp NOT NULL DEFAULT '0000-00-00 00:00:00'
) ENGINE=InnoDB DEFAULT CHARSET=utf8;

--
-- Dumping data for table `slide`
--

INSERT INTO `slide` (`id`, `image`, `created_at`, `updated_at`) VALUES
(1, '2-1592906556.png', '2020-06-23 10:02:36', '2020-06-23 03:02:36'),
(2, '1-1592906566.png', '2020-06-23 10:02:46', '2020-06-23 03:02:46'),
(3, '2-1592906579.png', '2020-06-23 10:02:59', '2020-06-23 03:02:59'),
(5, 'DSC07048-1592906462.JPG', '2020-06-23 10:01:02', '2020-06-23 03:01:02');

-- --------------------------------------------------------

--
-- Table structure for table `type_products`
--

CREATE TABLE `type_products` (
  `id` int(10) UNSIGNED NOT NULL,
  `type_name` varchar(100) COLLATE utf8_unicode_ci NOT NULL,
  `description` text COLLATE utf8_unicode_ci NOT NULL,
  `created_at` timestamp NULL DEFAULT NULL,
  `updated_at` timestamp NULL DEFAULT NULL
) ENGINE=InnoDB DEFAULT CHARSET=utf8 COLLATE=utf8_unicode_ci;

--
-- Dumping data for table `type_products`
--

INSERT INTO `type_products` (`id`, `type_name`, `description`, `created_at`, `updated_at`) VALUES
(1, 'Bánh mặn 12', 'Nếu từng bị mê hoặc bởi các loại tarlet ngọt thì chắn chắn bạn không thể bỏ qua những loại tarlet mặn. Ngoài hình dáng bắt mắt, lớp vở bánh giòn giòn cùng với nhân mặn như thịt gà, nấm, thị heo ,… của bánh sẽ chinh phục bất cứ ai dùng thử.', NULL, '2020-06-14 22:48:51'),
(2, 'Bánh ngọt', 'Bánh ngọt là một loại thức ăn thường dưới hình thức món bánh dạng bánh mì từ bột nhào, được nướng lên dùng để tráng miệng. Bánh ngọt có nhiều loại, có thể phân loại dựa theo nguyên liệu và kỹ thuật chế biến như bánh ngọt làm từ lúa mì, bơ, bánh ngọt dạng bọt biển. Bánh ngọt có thể phục vụ những mục đính đặc biệt như bánh cưới, bánh sinh nhật, bánh Giáng sinh, bánh Halloween..', '2016-10-12 02:16:15', '2016-10-13 01:38:35'),
(3, 'Bánh trái cây', 'Bánh trái cây, hay còn gọi là bánh hoa quả, là một món ăn chơi, không riêng gì của Huế nhưng khi \"lạc\" vào mảnh đất Cố đô, món bánh này dường như cũng mang chút tinh tế, cầu kỳ và đặc biệt. Lấy cảm hứng từ những loại trái cây trong vườn, qua bàn tay khéo léo của người phụ nữ Huế, món bánh trái cây ra đời - ngọt thơm, dịu nhẹ làm đẹp lòng biết bao người thưởng thức.', '2016-10-18 00:33:33', '2016-10-15 07:25:27'),
(4, 'Bánh kem', 'Với người Việt Nam thì bánh ngọt nói chung đều hay được quy về bánh bông lan – một loại tráng miệng bông xốp, ăn không hoặc được phủ kem lên thành bánh kem. Tuy nhiên, cốt bánh kem thực ra có rất nhiều loại với hương vị, kết cấu và phương thức làm khác nhau chứ không chỉ đơn giản là “bánh bông lan” chung chung đâu nhé!', '2016-10-26 03:29:19', '2016-10-26 02:22:22'),
(5, 'Bánh crepe', 'Crepe là một món bánh nổi tiếng của Pháp, nhưng từ khi du nhập vào Việt Nam món bánh đẹp mắt, ngon miệng này đã làm cho biết bao bạn trẻ phải “xiêu lòng”', '2016-10-28 04:00:00', '2016-10-27 04:00:23'),
(6, 'Bánh Pizza', 'Pizza đã không chỉ còn là một món ăn được ưa chuộng khắp thế giới mà còn được những nhà cầm quyền EU chứng nhận là một phần di sản văn hóa ẩm thực châu Âu. Và để được chứng nhận là một nhà sản xuất pizza không hề đơn giản. Người ta phải qua đủ mọi các bước xét duyệt của chính phủ Ý và liên minh châu Âu nữa… tất cả là để đảm bảo danh tiếng cho món ăn này.', '2016-10-25 17:19:00', NULL),
(7, 'Bánh su kem', 'Bánh su kem là món bánh ngọt ở dạng kem được làm từ các nguyên liệu như bột mì, trứng, sữa, bơ.... đánh đều tạo thành một hỗn hợp và sau đó bằng thao tác ép và phun qua một cái túi để định hình thành những bánh nhỏ và cuối cùng được nướng chín. Bánh su kem có thể thêm thành phần Sô cô la để tăng vị hấp dẫn. Bánh có xuất xứ từ nước Pháp.', '2016-10-25 17:19:00', NULL),
(9, 'Bánh mặn 4', 'Nếu từng bị mê hoặc bởi các loại tarlet ngọt thì chắn chắn bạn không thể bỏ qua những loại tarlet mặn. Ngoài hình dáng bắt mắt, lớp vở bánh giòn giòn cùng với nhân mặn như thịt gà, nấm, thị heo ,… của bánh sẽ chinh phục bất cứ ai dùng thử.', '2020-06-07 23:51:03', '2020-06-07 23:53:09'),
(10, 'Bánh mặn 2', 'Nếu từng bị mê hoặc bởi các loại tarlet ngọt thì chắn chắn bạn không thể bỏ qua những loại tarlet mặn. Ngoài hình dáng bắt mắt, lớp vở bánh giòn giòn cùng với nhân mặn như thịt gà, nấm, thị heo ,… của bánh sẽ chinh phục bất cứ ai dùng thử.', '2020-06-07 23:51:17', '2020-06-07 23:51:17'),
(11, 'Banh trung loai1', 'Banh trung xanh', '2020-06-14 22:30:31', '2020-06-14 22:30:31'),
(12, 'Ao Nam 1', 'aaaaddda', '2020-06-16 08:47:02', '2020-06-16 08:47:02'),
(13, 'Bánh ngọt 111', 'Banh an rat tuyet', '2020-06-18 22:44:25', '2020-06-18 22:44:25');

-- --------------------------------------------------------

--
-- Table structure for table `users`
--

CREATE TABLE `users` (
  `id` int(10) UNSIGNED NOT NULL,
  `full_name` varchar(255) COLLATE utf8_unicode_ci NOT NULL,
  `email` varchar(255) COLLATE utf8_unicode_ci NOT NULL,
  `password` varchar(255) COLLATE utf8_unicode_ci NOT NULL,
  `phone` int(11) NOT NULL,
  `role` int(11) DEFAULT NULL,
  `remember_token` varchar(100) COLLATE utf8_unicode_ci DEFAULT NULL,
  `created_at` timestamp NULL DEFAULT NULL,
  `updated_at` timestamp NULL DEFAULT NULL
) ENGINE=InnoDB DEFAULT CHARSET=utf8 COLLATE=utf8_unicode_ci;

--
-- Dumping data for table `users`
--

INSERT INTO `users` (`id`, `full_name`, `email`, `password`, `phone`, `role`, `remember_token`, `created_at`, `updated_at`) VALUES
(6, 'Hương Hương', 'huonghuong08.php@gmail.com', '$2y$10$hc7I8sDs3D2JlNP8G2h/gOQuU9J4hN5WitVswGchSzjFLg6NdvEWi', 325541, 1, NULL, '2017-03-23 07:17:33', '2017-03-23 07:17:33'),
(7, 'Nguyễn Hữu Tiến', 'tien12q3@gmail.com', '$2y$10$gm9CjqiTXCbllBQnZ5sU.OpJJPZ0DYcjRgnDfoRADVGfxjcDMsmlK', 392146603, 0, NULL, '2020-06-23 19:56:29', '2020-06-23 19:56:29');

--
-- Indexes for dumped tables
--

--
-- Indexes for table `bills`
--
ALTER TABLE `bills`
  ADD PRIMARY KEY (`id`),
  ADD KEY `bills_ibfk_1` (`id_customer`);

--
-- Indexes for table `bill_detail`
--
ALTER TABLE `bill_detail`
  ADD PRIMARY KEY (`id`),
  ADD KEY `bill_detail_ibfk_2` (`id_product`);

--
-- Indexes for table `customer`
--
ALTER TABLE `customer`
  ADD PRIMARY KEY (`id`);

--
-- Indexes for table `migrations`
--
ALTER TABLE `migrations`
  ADD PRIMARY KEY (`id`);

--
-- Indexes for table `news`
--
ALTER TABLE `news`
  ADD PRIMARY KEY (`id`);

--
-- Indexes for table `products`
--
ALTER TABLE `products`
  ADD PRIMARY KEY (`pro_id`),
  ADD KEY `products_id_type_foreign` (`id_type`);

--
-- Indexes for table `slide`
--
ALTER TABLE `slide`
  ADD PRIMARY KEY (`id`);

--
-- Indexes for table `type_products`
--
ALTER TABLE `type_products`
  ADD PRIMARY KEY (`id`);

--
-- Indexes for table `users`
--
ALTER TABLE `users`
  ADD PRIMARY KEY (`id`),
  ADD UNIQUE KEY `users_email_unique` (`email`);

--
-- AUTO_INCREMENT for dumped tables
--

--
-- AUTO_INCREMENT for table `bills`
--
ALTER TABLE `bills`
  MODIFY `id` int(10) UNSIGNED NOT NULL AUTO_INCREMENT, AUTO_INCREMENT=16;

--
-- AUTO_INCREMENT for table `bill_detail`
--
ALTER TABLE `bill_detail`
  MODIFY `id` int(10) UNSIGNED NOT NULL AUTO_INCREMENT, AUTO_INCREMENT=19;

--
-- AUTO_INCREMENT for table `customer`
--
ALTER TABLE `customer`
  MODIFY `id` int(10) UNSIGNED NOT NULL AUTO_INCREMENT, AUTO_INCREMENT=16;

--
-- AUTO_INCREMENT for table `migrations`
--
ALTER TABLE `migrations`
  MODIFY `id` int(10) UNSIGNED NOT NULL AUTO_INCREMENT;

--
-- AUTO_INCREMENT for table `products`
--
ALTER TABLE `products`
  MODIFY `pro_id` int(10) UNSIGNED NOT NULL AUTO_INCREMENT, AUTO_INCREMENT=21;

--
-- AUTO_INCREMENT for table `slide`
--
ALTER TABLE `slide`
  MODIFY `id` int(11) NOT NULL AUTO_INCREMENT, AUTO_INCREMENT=6;

--
-- AUTO_INCREMENT for table `type_products`
--
ALTER TABLE `type_products`
  MODIFY `id` int(10) UNSIGNED NOT NULL AUTO_INCREMENT, AUTO_INCREMENT=14;

--
-- AUTO_INCREMENT for table `users`
--
ALTER TABLE `users`
  MODIFY `id` int(10) UNSIGNED NOT NULL AUTO_INCREMENT, AUTO_INCREMENT=8;

--
-- Constraints for dumped tables
--

--
-- Constraints for table `products`
--
ALTER TABLE `products`
  ADD CONSTRAINT `products_id_type_foreign` FOREIGN KEY (`id_type`) REFERENCES `type_products` (`id`);
COMMIT;

/*!40101 SET CHARACTER_SET_CLIENT=@OLD_CHARACTER_SET_CLIENT */;
/*!40101 SET CHARACTER_SET_RESULTS=@OLD_CHARACTER_SET_RESULTS */;
/*!40101 SET COLLATION_CONNECTION=@OLD_COLLATION_CONNECTION */;
